url,title
https://www.workatastartup.com/jobs/72265,Staff Engineer
https://www.workatastartup.com/jobs/73299,Senior Engineer
https://www.workatastartup.com/jobs/70097,Founding Engineer
https://www.workatastartup.com/jobs/73296,Founding Senior Software Engineer
https://www.workatastartup.com/jobs/67778,Senior Software Engineer
https://www.workatastartup.com/jobs/73294,DevRel Engineer
https://www.workatastartup.com/jobs/66724,Senior Software Engineer - AWS Cloud
https://www.workatastartup.com/jobs/67131,AI Engineer
https://www.workatastartup.com/jobs/73205,Senior Platform Engineer
https://www.workatastartup.com/jobs/73291,Support Engineer
https://www.workatastartup.com/jobs/73206,Senior Product Engineer
https://www.workatastartup.com/jobs/73208,Product Engineer
https://www.workatastartup.com/jobs/71049,Senior Backend Engineer
https://www.workatastartup.com/jobs/73275,Head of Engineering
https://www.workatastartup.com/jobs/73274,Fullstack Java Developer
https://www.workatastartup.com/jobs/73265,Backend Engineer (India)
https://www.workatastartup.com/jobs/73264,Backend + ML Engineer
https://www.workatastartup.com/jobs/73246,"Software Engineer, Product Engineering - EMEA"
https://www.workatastartup.com/jobs/73252,Design Engineer - EMEA
https://www.workatastartup.com/jobs/73255,Principal Product Engineer - Americas
https://www.workatastartup.com/jobs/73248,Product Engineer - Americas
https://www.workatastartup.com/jobs/73222,Lead Full-Stack Engineer
https://www.workatastartup.com/jobs/73211,Senior AI Engineer
https://www.workatastartup.com/jobs/73209,Backend Developer at Vocera (Django)
https://www.workatastartup.com/jobs/73199,Full-Stack Software Engineer (New & recent graduates: United States)
https://www.workatastartup.com/jobs/73200,Full-Stack Software Engineer (New and recent graduates: Canada)
https://www.workatastartup.com/jobs/73201,Full-Stack Software Engineer (2+ years experience: international-Americas)
https://www.workatastartup.com/jobs/73202,Full-Stack Software Engineer (2+ years experience: United States)
https://www.workatastartup.com/jobs/73197,Founding Engineer
https://www.workatastartup.com/jobs/73175,Founding ML Engineer
https://www.workatastartup.com/jobs/73172,Full-Stack Engineer (Mobile React Native / Product) - Global / Remote
https://www.workatastartup.com/jobs/70952,"Staff Software Engineer, Search & Investigate"
https://www.workatastartup.com/jobs/64245,Staff Machine Learning Engineer
https://www.workatastartup.com/jobs/64063,Senior Embedded Machine Learning Engineer
https://www.workatastartup.com/jobs/66539,"Staff Software Engineer, Backend"
https://www.workatastartup.com/jobs/73148,Software Engineer (Applied AI)
https://www.workatastartup.com/jobs/73140,Founding Applied AI Engineer at Kastle
https://www.workatastartup.com/jobs/70701,Founding Backend Engineer at Kastle (S24)
https://www.workatastartup.com/jobs/73138,Platform Engineer
https://www.workatastartup.com/jobs/72642,Founding Engineer
https://www.workatastartup.com/jobs/73137,Software Engineering Intern
https://www.workatastartup.com/jobs/73136,Go-to-Market/ Growth Software Engineer
https://www.workatastartup.com/jobs/67485,Founding Infrastructure Engineer
https://www.workatastartup.com/jobs/66129,Founding Engineer
https://www.workatastartup.com/jobs/73110,Forward Deployed Engineer
https://www.workatastartup.com/jobs/70783,Solutions Engineer
https://www.workatastartup.com/jobs/73109,Data Engineer
https://www.workatastartup.com/jobs/73108,Senior Developer
https://www.workatastartup.com/jobs/73093,Founding Engineer
https://www.workatastartup.com/jobs/73094,Founding Engineer
https://www.workatastartup.com/jobs/73080,Machine Learning Engineer
https://www.workatastartup.com/jobs/73082,Software Engineer - Full Stack
https://www.workatastartup.com/jobs/73083,Software Engineer - DevOps
https://www.workatastartup.com/jobs/59854,Forward Deployed Engineer
https://www.workatastartup.com/jobs/43788,Senior Software Engineer
https://www.workatastartup.com/jobs/73075,Software Engineer II
https://www.workatastartup.com/jobs/72738,Senior Software Engineer
https://www.workatastartup.com/jobs/73046,Software Engineer - Summer Intern '25
https://www.workatastartup.com/jobs/72294,Engineering Manager
https://www.workatastartup.com/jobs/73044,Staff Data Scientist
https://www.workatastartup.com/jobs/73041,Data Scientist
https://www.workatastartup.com/jobs/66668,Senior Software Engineer (Product)
https://www.workatastartup.com/jobs/73039,Senior Software Engineer (Tech Lead)
https://www.workatastartup.com/jobs/73040,Senior Data Engineer
https://www.workatastartup.com/jobs/73015,"Member of Technical Staff, Founding Machine Learning Engineer"
https://www.workatastartup.com/jobs/71525,"Member of Technical Staff, Founding Backend Engineer"
https://www.workatastartup.com/jobs/72982,Founding Full-Stack Engineer
https://www.workatastartup.com/jobs/72983,Founding Applied AI Engineer
https://www.workatastartup.com/jobs/72981,Founding Engineer
https://www.workatastartup.com/jobs/72979,AI/ML Engineer ðŸ§  (LLM Optimization & AI-Driven Workflows)
https://www.workatastartup.com/jobs/72977,"Senior Backend Engineer ðŸ’» (Event-Driven Architecture, AI-Enabled Systems)"
https://www.workatastartup.com/jobs/71191,Senior Full-Stack Software Engineer
https://www.workatastartup.com/jobs/72976,Full-Stack Software Engineer
https://www.workatastartup.com/jobs/72964,Founding Applied AI Engineer
https://www.workatastartup.com/jobs/72957,Self-taught & hobbyists - Junior Software Engineers (Morocco/Remote)
https://www.workatastartup.com/jobs/72941,Self-taught & hobbyists - Junior Software Engineers (Argentina/Remote)
https://www.workatastartup.com/jobs/72945,Self-taught & hobbyists - Junior Software Engineers (Poland/Remote)
https://www.workatastartup.com/jobs/72951,Self-taught & hobbyists - Junior Software Engineers (Hungary/Remote)
https://www.workatastartup.com/jobs/72928,Senior Machine Learning Engineer
https://www.workatastartup.com/jobs/72927,Full-Stack Engineer
https://www.workatastartup.com/jobs/71130,Senior Software Engineer
https://www.workatastartup.com/jobs/72930,Founding Security Engineer
https://www.workatastartup.com/jobs/72915,Founding Software Engineer
https://www.workatastartup.com/jobs/72914,Founding ML Research Engineer (Web Agents)
https://www.workatastartup.com/jobs/72888,Contact Center Engineer / Forward Deployed Engineer
https://www.workatastartup.com/jobs/72466,Applied AI Engineer
https://www.workatastartup.com/jobs/72465,Product Engineer - Salient
https://www.workatastartup.com/jobs/72862,Founding Engineer (Full-Stack / AI)
https://www.workatastartup.com/jobs/72860,Product Engineer (Full stack)
https://www.workatastartup.com/jobs/72854,Golang Developer / Full-Stack Engineer
https://www.workatastartup.com/jobs/70777,Software Engineer
https://www.workatastartup.com/jobs/72835,Software Engineer
https://www.workatastartup.com/jobs/72832,ML Research Engineer / Scientist
https://www.workatastartup.com/jobs/72828,Growth Engineer
https://www.workatastartup.com/jobs/71915,Solutions Software Engineer
https://www.workatastartup.com/jobs/72827,Data Engineer
https://www.workatastartup.com/jobs/64590,Full-Stack Engineer
https://www.workatastartup.com/jobs/72771,Senior Full-stack Developer (Backend Focus)
https://www.workatastartup.com/jobs/70031,Machine Learning Engineer/Researcher
https://www.workatastartup.com/jobs/70033,Full-Stack Engineer
https://www.workatastartup.com/jobs/70696,Junior Machine Learning Engineer/Researcher
https://www.workatastartup.com/jobs/71558,Software Engineer Intern
https://www.workatastartup.com/jobs/72751,Full stack blockchain engineer
https://www.workatastartup.com/jobs/72749,Founding Software Engineer (Backend)
https://www.workatastartup.com/jobs/71036,DevOps Engineer
https://www.workatastartup.com/jobs/70123,Full-Stack Engineer (Lead)
https://www.workatastartup.com/jobs/70207,Mobile Developer - React Native (Internship)
https://www.workatastartup.com/jobs/72745,Founding Engineer
https://www.workatastartup.com/jobs/72744,Founding Engineer
https://www.workatastartup.com/jobs/68291,"Software Engineer, Product"
https://www.workatastartup.com/jobs/72736,"Software Engineer, Experiments"
https://www.workatastartup.com/jobs/54420,"Software Engineer, Platform"
https://www.workatastartup.com/jobs/72735,Freelance Writer
https://www.workatastartup.com/jobs/72734,Mid Fullstack Engineer
https://www.workatastartup.com/jobs/54220,Senior Fullstack Engineer
https://www.workatastartup.com/jobs/71886,"Senior Software Engineer, Data Platform"
https://www.workatastartup.com/jobs/72718,"Senior Software Engineer, Backend"
https://www.workatastartup.com/jobs/68066,DevOps Engineer (f/m/x)
https://www.workatastartup.com/jobs/72710,Machine Learning Engineer (f/m/x)
https://www.workatastartup.com/jobs/69609,Backend Engineer (f/m/x)
https://www.workatastartup.com/jobs/63605,Machine Learning Engineer
https://www.workatastartup.com/jobs/72693,Backend Engineer
https://www.workatastartup.com/jobs/64104,Staff Product Engineer
https://www.workatastartup.com/jobs/72690,Product Engineer Intern (Summer 2025)
https://www.workatastartup.com/jobs/70354,Senior Product Engineer
https://www.workatastartup.com/jobs/65690,Product Engineer
https://www.workatastartup.com/jobs/72688,Founding Software Engineer
https://www.workatastartup.com/jobs/71743,"Senior Software Engineer, Full Stack"
https://www.workatastartup.com/jobs/72661,Senior AI Scientist
https://www.workatastartup.com/jobs/72659,8% Founding Engineer
https://www.workatastartup.com/jobs/72658,Founding Product Engineer
https://www.workatastartup.com/jobs/72645,Founding Full-Stack Engineer in SF
https://www.workatastartup.com/jobs/72643,"Founding Software Engineer, Infrastructure"
https://www.workatastartup.com/jobs/63741,"Founding Software Engineer, Full-Stack"
https://www.workatastartup.com/jobs/69061,"Founding AI Engineer,"
https://www.workatastartup.com/jobs/72632,Founding Engineer (Backend)
https://www.workatastartup.com/jobs/72630,Software Engineer (Backend)
https://www.workatastartup.com/jobs/72339,Member of Technical Staff
https://www.workatastartup.com/jobs/72628,Founding Engineer
https://www.workatastartup.com/jobs/72122,Full Stack Engineer (LATAM)
https://www.workatastartup.com/jobs/72123,Senior Full Stack Engineer (US)
https://www.workatastartup.com/jobs/72618,Sales Engineer
https://www.workatastartup.com/jobs/71265,Solutions Engineer
https://www.workatastartup.com/jobs/72616,Senior Full-Stack Engineer
https://www.workatastartup.com/jobs/71969,Full Stack Engineer (New Grad)
https://www.workatastartup.com/jobs/72613,Founding Engineer
https://www.workatastartup.com/jobs/72605,Senior Software Engineer
https://www.workatastartup.com/jobs/72604,Senior Software Engineer
https://www.workatastartup.com/jobs/66828,Haven't found what you are looking for? Operations/Engineering/Product
https://www.workatastartup.com/jobs/72597,Full-Stack Engineer
https://www.workatastartup.com/jobs/72600,Product Engineer
https://www.workatastartup.com/jobs/71411,"Founding Engineer (Fullstack, Backend focus)"
https://www.workatastartup.com/jobs/69974,Senior Backend Engineer (Product and Full stack experience is a big plus)
https://www.workatastartup.com/jobs/72570,Senior Backend Engineer (Product and Full stack experience is a big plus)
https://www.workatastartup.com/jobs/70147,Backend intern (experience with Infrastructure is a big plus)
https://www.workatastartup.com/jobs/72555,Senior Full Stack Software Engineer
https://www.workatastartup.com/jobs/72554,Founding Engineer (Applied AI)
https://www.workatastartup.com/jobs/70624,Founding Engineer (Full-Stack)
https://www.workatastartup.com/jobs/72549,Support Engineer
https://www.workatastartup.com/jobs/72548,Staff Full Stack (Backend) Software Engineer - Time Products
https://www.workatastartup.com/jobs/72547,Senior Customer Engineer
https://www.workatastartup.com/jobs/72387,Founding AI Research Engineer
https://www.workatastartup.com/jobs/72533,Founding Engineer at SciPhi
https://www.workatastartup.com/jobs/72531,Senior iOS Engineer
https://www.workatastartup.com/jobs/72530,Principal iOS Engineer
https://www.workatastartup.com/jobs/72526,Senior Security Engineer
https://www.workatastartup.com/jobs/72525,Senior Quality Engineer
https://www.workatastartup.com/jobs/71298,Senior Fullstack Engineer
https://www.workatastartup.com/jobs/72519,Founding Engineer
https://www.workatastartup.com/jobs/72518,Senior Software Engineer
https://www.workatastartup.com/jobs/54133,Founding Fullstack Engineer: React/React Native + Any Backend (India)
https://www.workatastartup.com/jobs/56655,Founding Engineer: Backend - Rust+gRPC (US)
https://www.workatastartup.com/jobs/54074,Founding Engineer: Backend - Golang+gRPC (India)
https://www.workatastartup.com/jobs/72517,Senior AI/ML Engineer
https://www.workatastartup.com/jobs/72486,ML Engineer
https://www.workatastartup.com/jobs/72487,Software Engineer (Python/Rust)
https://www.workatastartup.com/jobs/72482,Founding Engineer - Forward Deployed
https://www.workatastartup.com/jobs/72483,Founding Engineer - Infrastructure
https://www.workatastartup.com/jobs/72467,Solutions Engineer at Healthcare Voice AI Startup
https://www.workatastartup.com/jobs/69816,Staff Machine Learning Engineer/Applied Scientist - AI Figure Generation
https://www.workatastartup.com/jobs/65389,Senior/Staff Machine Learning Engineer (Search & Recs)
https://www.workatastartup.com/jobs/72464,Machine Learning Engineer
https://www.workatastartup.com/jobs/72449,Founding Engineer
https://www.workatastartup.com/jobs/72448,Product Engineer
https://www.workatastartup.com/jobs/72444,Founding Engineer .
https://www.workatastartup.com/jobs/72439,Software Engineer
https://www.workatastartup.com/jobs/70105,Full Stack Engineer
https://www.workatastartup.com/jobs/72434,Creative AI Engineer
https://www.workatastartup.com/jobs/70823,Software Engineer - ML Platform (San Francisco)
https://www.workatastartup.com/jobs/72436,Machine Learning Engineer - Media Models
https://www.workatastartup.com/jobs/72429,Founding Product Engineer
https://www.workatastartup.com/jobs/72427,Head of Engineering
https://www.workatastartup.com/jobs/72357,Founding Software Engineer
https://www.workatastartup.com/jobs/72425,Research Software Engineer
https://www.workatastartup.com/jobs/72413,Founding Engineer (UK)
https://www.workatastartup.com/jobs/72412,Founding Engineer (US)
https://www.workatastartup.com/jobs/72406,Senior Product Engineer
https://www.workatastartup.com/jobs/68655,Engineering Lead
https://www.workatastartup.com/jobs/72393,AI Engineering Lead
https://www.workatastartup.com/jobs/16598,Full-stack Software Development Engineer (FS SDE)
https://www.workatastartup.com/jobs/72392,Founding Software Engineer (Frontend)
https://www.workatastartup.com/jobs/72389,Founding AI Engineer
https://www.workatastartup.com/jobs/66890,Founding Web Automation Engineer
https://www.workatastartup.com/jobs/72386,"Software engineer, Tokyo"
https://www.workatastartup.com/jobs/45987,"Senior Software engineer, Founding team"
https://www.workatastartup.com/jobs/69071,"Software engineer, Fullstack"
https://www.workatastartup.com/jobs/72378,DevRel engineer
https://www.workatastartup.com/jobs/72384,engineering
https://www.workatastartup.com/jobs/72377,forward deployed engineer or head of customer (coding skills necessary)
https://www.workatastartup.com/jobs/72360,Founding Engineer - Full Stack
https://www.workatastartup.com/jobs/71798,Founding Engineer - Healthcare AI
https://www.workatastartup.com/jobs/72347,"HPC Engineer, AI and Data"
https://www.workatastartup.com/jobs/65794,Customer Success Engineer (Japan)
https://www.workatastartup.com/jobs/72310,"Software Engineer, Backend Systems"
https://www.workatastartup.com/jobs/72341,Founding Software Engineer (Full-stack)
https://www.workatastartup.com/jobs/72338,Software Engineer - Backend/Fullstack
https://www.workatastartup.com/jobs/68037,Software Engineer - Backend/Fullstack [Remote]
https://www.workatastartup.com/jobs/71048,Founding Applied Research Engineer
https://www.workatastartup.com/jobs/72334,Machine Learning Engineer
https://www.workatastartup.com/jobs/72333,Software Engineer (Full-Stack)
https://www.workatastartup.com/jobs/72072,Data Engineer (Junior)
https://www.workatastartup.com/jobs/72332,Data Engineer
https://www.workatastartup.com/jobs/72330,Senior Product Engineer (Frontend)
https://www.workatastartup.com/jobs/72307,Founding Engineer
https://www.workatastartup.com/jobs/72306,Founding Engineer
https://www.workatastartup.com/jobs/72303,Software Engineer - Full stack
https://www.workatastartup.com/jobs/72301,Senior Software Engineer
https://www.workatastartup.com/jobs/72296,Software Engineer - Colorado
https://www.workatastartup.com/jobs/72299,Software Engineering Manager - Colorado
https://www.workatastartup.com/jobs/72295,Software Engineer - Brazil
https://www.workatastartup.com/jobs/72297,Storyworth (YC W11) | Full Stack Product Engineer | Flexible hours (~30 hours/week) | REMOTE | US/Canada
https://www.workatastartup.com/jobs/72271,Research Engineer
https://www.workatastartup.com/jobs/59409,Space Operations Engineer
https://www.workatastartup.com/jobs/57445,Full Stack Software Engineer
https://www.workatastartup.com/jobs/72266,Senior Platform Engineer
https://www.workatastartup.com/jobs/57095,Ground Systems Software Engineer
https://www.workatastartup.com/jobs/72239,Voice AI Engineer
https://www.workatastartup.com/jobs/70150,"Senior Software Engineer (Typescript, Gen AI)"
https://www.workatastartup.com/jobs/71097,AI/ML/LLM Engineer
https://www.workatastartup.com/jobs/72240,"Full Stack Engineer (Typescript, React, Gen AI)"
https://www.workatastartup.com/jobs/72237,Senior Endpoint Security Engineer (macOS)
https://www.workatastartup.com/jobs/55289,Senior Software Engineer
https://www.workatastartup.com/jobs/72238,Senior Endpoint Security Engineer (Windows)
https://www.workatastartup.com/jobs/72221,Senior Software Engineer
https://www.workatastartup.com/jobs/68266,Software Engineer
https://www.workatastartup.com/jobs/72216,Senior Full-stack Developer (Belgium: Employee or Contractor)
https://www.workatastartup.com/jobs/72211,Full-Stack Software Engineer Intern (6 months)
https://www.workatastartup.com/jobs/72209,Founding Engineer
https://www.workatastartup.com/jobs/72208,Senior AI Software Engineer
https://www.workatastartup.com/jobs/72206,JVM Bytecode Engineer (full remote)
https://www.workatastartup.com/jobs/72204,Founding Engineer (Backend)
https://www.workatastartup.com/jobs/71948,Founding Engineer (Platform)
https://www.workatastartup.com/jobs/72201,10x Full Stack AI Engineer at Helpcare AI
https://www.workatastartup.com/jobs/72203,10x Data Science AI Engineer at Helpcare AI
https://www.workatastartup.com/jobs/72197,Frontend / UX Engineer (Senior)
https://www.workatastartup.com/jobs/72186,Founding Engineer
https://www.workatastartup.com/jobs/72179,Software Engineer
https://www.workatastartup.com/jobs/72180,Senior Software Engineer
https://www.workatastartup.com/jobs/64051,Senior Engineer - ML & AI
https://www.workatastartup.com/jobs/66752,Senior Software Development Engineer (SDE-III)
https://www.workatastartup.com/jobs/62800,Data Engineer - Web Scraping
https://www.workatastartup.com/jobs/65983,Senior Golang Developer
https://www.workatastartup.com/jobs/72172,Founding Engineer - Full Stack
https://www.workatastartup.com/jobs/72157,Machine Learning Research Engineer / Scientist
https://www.workatastartup.com/jobs/61598,AI Engineer
https://www.workatastartup.com/jobs/72155,Data Engineer
https://www.workatastartup.com/jobs/72152,Backend Engineer
https://www.workatastartup.com/jobs/72150,DevOps Engineer
https://www.workatastartup.com/jobs/72148,Software Engineer (Full-stack)
https://www.workatastartup.com/jobs/72144,Senior Full Stack Engineer
https://www.workatastartup.com/jobs/72128,Staff Backend Engineer (UK Remote)
https://www.workatastartup.com/jobs/70350,Staff Backend Engineer (EU Remote)
https://www.workatastartup.com/jobs/64525,Software Engineer (Frontend leaning)
https://www.workatastartup.com/jobs/72126,Software Engineer (Backend leaning)
https://www.workatastartup.com/jobs/68726,Founding Developer Success Engineer
https://www.workatastartup.com/jobs/72125,Senior Machine Learning Engineer
https://www.workatastartup.com/jobs/72120,Fullstack Engineer
https://www.workatastartup.com/jobs/72071,Software Engineer (Backend)
https://www.workatastartup.com/jobs/72070,Founding AI Full-Stack Engineer
https://www.workatastartup.com/jobs/72068,Founding Engineer (Distributed Systems)
https://www.workatastartup.com/jobs/69349,Founding Senior Engineer (Infrastructure)
https://www.workatastartup.com/jobs/69496,Founding Growth Engineer
https://www.workatastartup.com/jobs/72051,Founding Forward Deployed Engineer
https://www.workatastartup.com/jobs/70537,Founding Senior Engineer (Backend)
https://www.workatastartup.com/jobs/72043,Machine Learning Consultant
https://www.workatastartup.com/jobs/72042,AI Software Engineer
https://www.workatastartup.com/jobs/64357,Senior Backend Engineer
https://www.workatastartup.com/jobs/72035,Backend Engineer
https://www.workatastartup.com/jobs/72034,Lead Data Engineer
https://www.workatastartup.com/jobs/72033,ML Engineer/Researcher
https://www.workatastartup.com/jobs/72029,Data Engineer
https://www.workatastartup.com/jobs/72030,Senior Solutions Engineer
https://www.workatastartup.com/jobs/65183,Backend Engineer
https://www.workatastartup.com/jobs/70699,Full Stack Engineer
https://www.workatastartup.com/jobs/70698,Full Stack Engineer
https://www.workatastartup.com/jobs/70853,Full Stack Engineer
https://www.workatastartup.com/jobs/72019,Machine Learning Engineer
https://www.workatastartup.com/jobs/71994,Founding Full Stack Engineer (CTO track)
https://www.workatastartup.com/jobs/71990,Applied AI Engineer
https://www.workatastartup.com/jobs/71981,L2 Support Engineer
https://www.workatastartup.com/jobs/71979,Devops Engineer - II
https://www.workatastartup.com/jobs/71977,Data Scientist - I
https://www.workatastartup.com/jobs/71967,Senior/Staff Software Engineer (Product)
https://www.workatastartup.com/jobs/70351,Senior Backend Engineer / Solutions Architect
https://www.workatastartup.com/jobs/69073,Senior Machine Learning Engineer (LLMs)
https://www.workatastartup.com/jobs/71965,Senior Software Engineer (Platform/Infra)
https://www.workatastartup.com/jobs/69078,Machine Learning Engineer (LLMs)
https://www.workatastartup.com/jobs/71384,Backend Engineer
https://www.workatastartup.com/jobs/66652,Product Engineer
https://www.workatastartup.com/jobs/71964,Platform Engineer / SRE
https://www.workatastartup.com/jobs/56084,Senior Software Engineer (Full Stack)
https://www.workatastartup.com/jobs/71961,Software Engineer (Full Stack)
https://www.workatastartup.com/jobs/71180,Implementation Engineer
https://www.workatastartup.com/jobs/71132,Former Founder
https://www.workatastartup.com/jobs/63676,Open Source Software Engineer
https://www.workatastartup.com/jobs/45038,Full Stack Engineer
https://www.workatastartup.com/jobs/70704,Staff Software Engineer (Gen AI Focused)
https://www.workatastartup.com/jobs/71945,Senior Software Engineer (Gen AI Focused)
https://www.workatastartup.com/jobs/71946,Senior Software Engineer (Gen AI Focused)
https://www.workatastartup.com/jobs/71918,Credit Risk Lead
https://www.workatastartup.com/jobs/44035,Senior Software Engineer (ONLY LATAM BASED)
https://www.workatastartup.com/jobs/71913,Senior Full Stack Engineer
https://www.workatastartup.com/jobs/71912,Founding Backend Engineer
https://www.workatastartup.com/jobs/71910,Founding Engineer
https://www.workatastartup.com/jobs/71896,Senior Backend Engineer - AI
https://www.workatastartup.com/jobs/71895,Senior Full Stack Engineer
https://www.workatastartup.com/jobs/65436,"Senior Software Engineer (React, NodeJS, GraphQL)"
https://www.workatastartup.com/jobs/35028,"Senior Software Engineer (React, NodeJS, GraphQL)"
https://www.workatastartup.com/jobs/71892,Business Software Developer
https://www.workatastartup.com/jobs/71880,"Applied AI Postdoctoral Researcher, 3D Embodied Agents and Gaming"
https://www.workatastartup.com/jobs/71878,Founding Engineer
https://www.workatastartup.com/jobs/71876,Backend Engineer
https://www.workatastartup.com/jobs/71871,Senior Full-Stack Engineer
https://www.workatastartup.com/jobs/70852,Senior Full-Stack Engineer
https://www.workatastartup.com/jobs/71372,Principal Software Engineer - Full Stack
https://www.workatastartup.com/jobs/69214,Principal Software Engineer - Backend
https://www.workatastartup.com/jobs/71860,Senior Software Engineer - Product/AI
https://www.workatastartup.com/jobs/63292,Product Engineer
https://www.workatastartup.com/jobs/71845,Data Engineer (First Data Hire)
https://www.workatastartup.com/jobs/71840,Founding AI Engineer - London
https://www.workatastartup.com/jobs/71834,Backend Engineer
https://www.workatastartup.com/jobs/71830,Full Stack Engineer
https://www.workatastartup.com/jobs/71815,Senior Backend Engineer
https://www.workatastartup.com/jobs/69417,Full Stack Engineer
https://www.workatastartup.com/jobs/71797,Product Engineer (Future Founder Track)
https://www.workatastartup.com/jobs/71796,Backend Engineer- Tech Lead (Data/API team)
https://www.workatastartup.com/jobs/69632,Growth Engineer
https://www.workatastartup.com/jobs/71795,Backend Engineer- Reporting Team
https://www.workatastartup.com/jobs/71792,Sr Software Engineer - Feature Team
https://www.workatastartup.com/jobs/71787,Senior Full Stack Engineer (React + TypeScript)
https://www.workatastartup.com/jobs/69043,Senior Backend Software Engineer (Product Enablement)
https://www.workatastartup.com/jobs/70705,Senior Software Engineer (Crim Searches)
https://www.workatastartup.com/jobs/71783,Senior Software Engineer (Monetization)
https://www.workatastartup.com/jobs/71785,Software Engineer II
https://www.workatastartup.com/jobs/71775,Founding Engineer
https://www.workatastartup.com/jobs/70250,Senior Full Stack Engineer
https://www.workatastartup.com/jobs/71773,Full Stack Engineer
https://www.workatastartup.com/jobs/71772,Senior Backend Developer - Ruby/Rails
https://www.workatastartup.com/jobs/71769,Backend Engineer
https://www.workatastartup.com/jobs/68288,DevOps - Engineer
https://www.workatastartup.com/jobs/70579,Data Ninja
https://www.workatastartup.com/jobs/66722,Full Stack Engineer
https://www.workatastartup.com/jobs/71759,Founding AI Engineer
https://www.workatastartup.com/jobs/71752,Machine Learning Engineer
https://www.workatastartup.com/jobs/71749,Founding Software Engineer
https://www.workatastartup.com/jobs/71751,Founding Software Engineer
https://www.workatastartup.com/jobs/71739,Senior Full-stack Web Developer with DevOps Emphasis
https://www.workatastartup.com/jobs/71740,Senior Full-stack Web Developer with UX and Design Emphasis
https://www.workatastartup.com/jobs/71733,founding product engineer
https://www.workatastartup.com/jobs/71717,Fullstack Engineer
https://www.workatastartup.com/jobs/67938,Customer Engineer
https://www.workatastartup.com/jobs/69144,Software Engineer
https://www.workatastartup.com/jobs/70899,Machine Learning Engineer
https://www.workatastartup.com/jobs/71707,LLM/ML Engineer (Inference)
https://www.workatastartup.com/jobs/71705,Full-Stack Engineer - New Grad
https://www.workatastartup.com/jobs/69452,Senior Full-Stack Engineer
https://www.workatastartup.com/jobs/71687,Senior Mechanical Engineer
https://www.workatastartup.com/jobs/71686,Robotics Test Engineer
https://www.workatastartup.com/jobs/71689,Senior Software Engineer
https://www.workatastartup.com/jobs/71514,Senior Robotics Software Engineer
https://www.workatastartup.com/jobs/71681,Senior Backend Developer
https://www.workatastartup.com/jobs/71679,Head of AI for humanoid company
https://www.workatastartup.com/jobs/71674,Founding Engineer
https://www.workatastartup.com/jobs/71670,Senior AI/ML Engineer
https://www.workatastartup.com/jobs/71661,AI Engineer
https://www.workatastartup.com/jobs/71657,Senior Frontend Engineer
https://www.workatastartup.com/jobs/71655,Design Engineer
https://www.workatastartup.com/jobs/71659,Product Engineer
https://www.workatastartup.com/jobs/71648,Founding Engineer
https://www.workatastartup.com/jobs/71598,Backend / Infrastructure Engineer
https://www.workatastartup.com/jobs/65824,Computer Vision / Video AI Engineer
https://www.workatastartup.com/jobs/71596,Product / Full-Stack Engineer
https://www.workatastartup.com/jobs/71599,AI / LLM Engineer
https://www.workatastartup.com/jobs/69088,Full-Stack Engineer
https://www.workatastartup.com/jobs/71586,Sr. Software Engineer
https://www.workatastartup.com/jobs/71581,Founding AI Engineer
https://www.workatastartup.com/jobs/71580,Full-Stack Software Engineer
https://www.workatastartup.com/jobs/71529,Senior Software Engineer (Full-Stack)
https://www.workatastartup.com/jobs/71528,Founding Systems Engineer
https://www.workatastartup.com/jobs/71520,Founding Engineer
https://www.workatastartup.com/jobs/71504,Founding Engineer / Full Stack
https://www.workatastartup.com/jobs/71501,Senior Software Engineer (Full-Stack)
https://www.workatastartup.com/jobs/71498,Platform and Integrations Engineer
https://www.workatastartup.com/jobs/60816,Full Stack Software Engineer
https://www.workatastartup.com/jobs/71473,"Tech Lead, Machine Learning"
https://www.workatastartup.com/jobs/71472,Product Engineer (ML & Mobile)
https://www.workatastartup.com/jobs/71451,Software Engineer - Backend
https://www.workatastartup.com/jobs/71448,Senior Software Engineer - Frontend
https://www.workatastartup.com/jobs/68913,Software Engineer - Infrastructure & Security
https://www.workatastartup.com/jobs/71434,Senior Software Engineer
https://www.workatastartup.com/jobs/71431,Founding Engineer
https://www.workatastartup.com/jobs/71403,Software Engineer
https://www.workatastartup.com/jobs/43070,Mid/Senior Fullstack Engineer
https://www.workatastartup.com/jobs/71402,Machine Learning & Python Backend Engineer
https://www.workatastartup.com/jobs/71387,AI Staff Software Engineer
https://www.workatastartup.com/jobs/71388,Applied AI Engineer
https://www.workatastartup.com/jobs/71383,Fullstack Engineer
https://www.workatastartup.com/jobs/71381,Backend Engineer
https://www.workatastartup.com/jobs/71347,"Full Stack Software Engineer (San Francisco, CA)"
https://www.workatastartup.com/jobs/71327,Machine Learning Engineer
https://www.workatastartup.com/jobs/71328,Machine Learning Engineer
https://www.workatastartup.com/jobs/71325,Fullstack/Product Engineer
https://www.workatastartup.com/jobs/71326,Frontend Engineer
https://www.workatastartup.com/jobs/71317,Senior Full-Stack Engineer
https://www.workatastartup.com/jobs/46877,Software Engineer (Fullstack) - All Levels
https://www.workatastartup.com/jobs/71315,Data Scientist - Growth
https://www.workatastartup.com/jobs/70625,Senior Machine Learning Engineer
https://www.workatastartup.com/jobs/71301,Lead - Machine Learning
https://www.workatastartup.com/jobs/71290,Full Stack Founding Engineer
https://www.workatastartup.com/jobs/71285,AI/ML Engineer (Founding Engineer)
https://www.workatastartup.com/jobs/44303,Founding Software Engineer
https://www.workatastartup.com/jobs/71283,Founding Engineer
https://www.workatastartup.com/jobs/71263,"Software Engineer, Product"
https://www.workatastartup.com/jobs/71223,Growth Software Engineer
https://www.workatastartup.com/jobs/71199,Lead Research Engineer
https://www.workatastartup.com/jobs/71198,Head of Engineering
https://www.workatastartup.com/jobs/71197,Chief Scientist
https://www.workatastartup.com/jobs/63296,Research Engineer
https://www.workatastartup.com/jobs/71192,ML Research Engineer - Audio at Flair Labs (W24)
https://www.workatastartup.com/jobs/71163,Head of Applied AI - Flair Labs (W24)
https://www.workatastartup.com/jobs/71184,Backend Developer (Golang)
https://www.workatastartup.com/jobs/71152,"Design Engineer, Product"
https://www.workatastartup.com/jobs/69578,Senior Software Engineer
https://www.workatastartup.com/jobs/71142,Senior Software Engineer (Infra)
https://www.workatastartup.com/jobs/66175,Senior Software Engineer (Product)
https://www.workatastartup.com/jobs/71124,Senior Backend Engineer
https://www.workatastartup.com/jobs/64844,Sr. Site Reliability Engineer (Remote U.S. - Eastern or EU)
https://www.workatastartup.com/jobs/71120,Senior Software Engineer - U.S. or EU (remote)
https://www.workatastartup.com/jobs/71113,Software Engineer
https://www.workatastartup.com/jobs/71088,"DevOps Engineer, Hybride position, Paris, ÃŽle-de-France"
https://www.workatastartup.com/jobs/70086,Machine Learning Engineer
https://www.workatastartup.com/jobs/71078,Applied Machine Learning Engineer
https://www.workatastartup.com/jobs/68975,Sales Engineer
https://www.workatastartup.com/jobs/70084,Backend Engineer
https://www.workatastartup.com/jobs/71066,Senior Software Engineer - Bengaluru
https://www.workatastartup.com/jobs/71075,Senior Frontend Engineer - Bengaluru
https://www.workatastartup.com/jobs/72984,Customer Engineer - Bengaluru
https://www.workatastartup.com/jobs/71641,Founding Solutions Engineer - Singapore
https://www.workatastartup.com/jobs/71065,Senior Backend Engineer - AI
https://www.workatastartup.com/jobs/64113,AI/ML Engineer
https://www.workatastartup.com/jobs/64110,Backend Engineer
https://www.workatastartup.com/jobs/71033,Enterprise AI Deployment Engineer
https://www.workatastartup.com/jobs/71030,Founding Engineer
https://www.workatastartup.com/jobs/71028,Prompt Engineer / AI Product Owner
https://www.workatastartup.com/jobs/71017,Senior Software Engineer
https://www.workatastartup.com/jobs/71013,Senior Full Stack Software Engineer (100% Remote)
https://www.workatastartup.com/jobs/71011,Per Diem is expending and looking for a React Native experience developer
